Founder,Company,Gender
Aakash Patel,Flytenow,Male
Aarjav Trivedi,InstantCab,Male
Aaron Cheung,HomeJoy,Male
Aaron Epstein,ChromaOm,Male
Aaron Feuer,Panorama Education,Male
Aaron Grant,Thalmic Labs (Myo),Male
Aaron Harris,Tutorspree,Male
Aaron Iba,Appjet,Male
Aaron Muszalski,Threadable,Male
Aaron O'Connell,42floors,Male
Aaron Swartz,Reddit,Male
Aaron Wenger,Survata,Male
Aarthi Ramamurthy,Lumoid,Female
Abdulrahman Tarbzouni,Taskforce,Male
Abel Lin,Caviar,Male
Abigail Kirigin,Tipjoy,Female
Adam Goldstein,Hipmunk,Male
Adam Helybely,Terascore,Male
Adam Hooper,RealCrowd,Male
Adam Kocoloski,Cloudant,Male
Adam McKenzie,Rescale,Male
Adam Prout,MemSQL,Male
Adam Regelman,Quartzy,Male
Adam Roberts,Theorem,Male
Adam Siegel,InklingMarkets,Male
Adam Smith,Xobni,Male
Adam Wiggins,Heroku,Male
Aditya Bali,BufferBox,Male
Aditya Rathnam,Kamcord,Male
Aditya Viswanathan,Crowdery,Male
Adora Cheung,HomeJoy,Female
Ahmed Galal,HoverChat,Male
AJ Asver,Scoopler,Male
AJ Forsythe,iCracked,Male
Ajay Mehta,FamilyLeaf,Male
Ajoy Sojan,Quartzy,Male
Al Abut,Refer.ly,Male
Alan Guichard,Flytenow,Male
Alan Hoffman,Cloudant,Male
Alek Strygin,GetGoing,Male
Alek Vernitsky,GetGoing,Male
Alex Cavoulacos,theDailyMuse,Male
Alex Chung,The Fridge,Male
Alex Krupp,Launchhear,Male
Alex Lebrun,Wit.ai,Male
Alex Lin,LVL6,Male
Alex Mittal,FundersClub,Male
Alex Selig,SoundFocus,Male
Alex Solomon,PagerDuty,Male
Alexander Blessing,VoiceGem,Male
Alexander Chang,Boostable,Male
Alexander Debelov,Virool,Male
Alexander Wissner-Gross,CO2Stats,Male
Alexis Ohanian,Reddit,Male
Alison Di Spaltro,42floors,Female
Allagappan Muthuraman,Markupwand,Male
Allan Grant,Curebit,Male
Allan Young,Launchhear,Male
Allison Huynh,ScreenLeap,Female
Alok Deshpande,Loopt,Male
Alper Cakir,Picurio,Male
Amanda Kahlow,6sense,Female
Amiad Soto,Superhost,Male
Amir Ghazvinian,Exec,Male
Amir Hirsch,Zigfu,Male
Amitav Chakravartty,Zaranga,Male
Ammon Bartram,SocialCam,Male
Anand Dass,Filepicker.io,Male
Anand Kulkarni,MobileWorks,Male
Anantha Katragadda,Profig,Male
Andrea Barrica,Indinero,Female
Andres Morey,Octopart,Male
Andrew Dudley,Wundrbar,Male
Andrew Fong,Kirkland North,Male
Andrew Jiang,Bayes Impact,Male
Andrew Kurland,Greentoe,Male
Andrew Lee,Firebase (prev. Envolve),Male
Andrew Look,URX,Male
Andrew Mass,Flytenow,Male
Andrew McCollum,Jobspice,Male
Andrew Miklas,PagerDuty,Male
Andrew Seddon,Circuithub,Male
Andrew Sugaya,Teevox,Male
Andy Fang,DoorDash,Male
Andy Huibers,Bump,Male
Andy Norborg,RealCrowd,Male
Andy Russell,Launchpad Toys,Male
Andy Su,Indinero,Male
Andy Zhang,"Caviar, Munch On Me",Male
Anirban Bardalaye,Zaranga,Male
Anson Tsai,"Anywhere.fm, CardPool",Male
Anson Tsui,SpoonRocket,Male
Anthony Ko,Graft Concepts,Male
Anthony Martin,iCracked,Male
Anthony Nemitz,SwipeGood,Male
Anton Brevde,Asseta,Male
Anton Krutiansky,Pair,Male
Anton Vaynshtok,Meldium,Male
Antonio Garcia-Martinez,AdGrok,Male
Antony Evans,Glowing Plant,Male
Apoorva Mehta,Instacart,Male
Arash Ferdowsi,Dropbox,Male
Archit Gupta,ClearTax,Male
Arda Kara,VoiceGem,Male
Arend Naylor,Embedster,Male
Argyris Zymnis,AdGrok,Male
Arnaud Camus,Impraise,Male
Arram Sabeti,ZeroCater,Male
Art Chang,FanPulse,Male
Art Gibson,Embedly,Male
Arun Gupta,Wakemate,Male
Ash Rust,SendHub,Male
Ashwin Bharambe,Buxfer,Male
Asif Rahman,Youlicit,Male
Aswin Rajendiran,Pair,Male
Balazs Moldovanyi,Terascore,Male
Baldwin Cunningham,Sponsorfied,Male
Bas Kohnke,Impraise,Male
Baskar Puvanathasan,PagerDuty,Male
Beau Hartshorne,Snipshot,Male
Ben Ehmke,42floors,Male
Ben Ogle,Easel,Male
Ben Sand,Meta Space Glasses,Male
Ben Wong,Startuply,Male
Ben Wyrosdick,MongoHQ,Male
Benjamin Lerner,DataNitro,Male
Benjamin Tauber,Scoopler,Male
Bennett Hoffman,Buttercoin,Male
Bennett Rogers,Crocodoc,Male
Bilal Farooqui,iJigg,Male
Bill Bobbitt,Move Loot,Male
Bill Clerico,WePay,Male
Blake Ross,Parakey,Male
Bo Lu,FutureAdvisor,Male
Bob Aspell,SimplyInsured,Male
Bob Tekiela,500Friends,Male
Boris Jabes,Meldium,Male
Boris Silver,FundersClub,Male
Borna Safabakhsh,AgileDiagnosis,Male
Brad Cater,Snaptalent,Male
Brad Koch,FarmLogs,Male
Brad Van Vugt,Sendwithus,Male
Bradford Cross,Flightcaster,Male
Bradford Toney,Medigram,Male
Bradley Buda,Meldium,Male
Brandon Arbini,Zencoder,Male
Brandon Leonardo,Instacart,Male
Brandon Paton,FamilyLeaf,Male
Brandon Rodman,Weave,Male
Brendan Lim,Kicksend,Male
Brent Goldman,Standard Treasury,Male
Brett Gibson,"Posterous, Slinkset",Male
Brett Huneycutt,1000Memories,Male
Brett Leonard,Walksource,Male
Brett Northart,Le Tote,Male
Brett van Zuiden,Filepicker.io,Male
Brian Armstrong,Coinbase,Male
Brian Chesky,AirBnb,Male
Brian Eggleston,Joberator,Male
Brian Fioca,RescueTime,Male
Brian Groudan,PayTango,Male
Brian Krejcarek,ZowPow,Male
Brian Nguyen,Airbrite,Male
Brian Phillips,Thread,Male
Brian Trautschold,Ambition,Male
Bruce Tribbensee,Submittable,Male
Bryan Beshore,Keychain Logistics,Male
Bryan Helmig,Zapier,Male
Bryan Kennedy,LikeBetter,Male
Bryant Chou,Webflow,Male
Byron Milligan,Stypi,Male
Calvin French-Owen,Segment.io,Male
Cameron Urban,AnyVivo,Male
Casey Muller,JamGlue,Female
Cathy Han,42,Female
Cedric Dahl,Buttercoin,Male
Cesar Alaniz,Userfox,Male
Cesar Del Solar,Leftronic,Male
Chad Etzel,Notifo,Male
Chad Powell,Bloomthat,Male
Chad Remesch,Draftmix,Male
Chad Rigetti,Rigetti Computing,Male
Charles Forman,OMGPOP,Male
Charlie Pinto,Cube,Male
Chas Ballew,Aptible,Male
Chase Sechrist,Tracks.by,Male
Chris Auer,MarketBrief,Male
Chris Castiglione,One Month Rails,Male
Chris Chen,Like.fm,Male
Chris Fanini,Weebly,Male
Chris Field,Clerky,Male
Chris Kelly,Survata,Male
Chris Roebuck,BigCalc,Male
Chris Tsai,Airbrite,Male
Chris Varenhorst,Lingt,Male
Christian Reyes,PayTango,Male
Christian Yang,ReelSurfer,Male
Christopher Finneral,SketchDeck,Male
Christopher Golda,Backtype,Male
Christopher Steiner,Aisle50,Male
Chrys Bader-Wechseler,Vidly / Fliggo,Male
Chuong Nguyen,DataRank,Male
Cindy Wu,Experiment (prev. Microryza),Female
CJ Huang,Firecrawl,Male
Claire McDonnell,True Link Financial,Female
Clyde Law,FutureAdvisor,Male
Conor Lee,TellFi,Male
Corey Pierson,Custora,Male
Cornell Wright,TerrAvion,Male
Courtland Allen,"Siasto, Taskforce",Male
Craig Lewiston,Wakemate,Male
Craig Soules,"Natero, Natero",Male
Curtis Liu,Sonalight,Male
D. Scott Phoenix,Frogmetrics,Male
Dafna Pressler,Parallel Universe,Female
Dain Lewis,HireArt,Male
Daishin Sugano,Superb (was GrubWithUs),Male
Dan Haubert,TicketStumbler,Male
Dan Knox,Science Exchange,Male
Dan Morin,Anyvite,Male
Dan Ruch,Rocketrip,Male
Dan Siroker,Optimizely,Male
Dan Veltri,Weebly,Male
Dana Levine,InstantQ,Female
Dane Hurtubise,Jobspice,Male
Danial Afzal,Asseta,Male
Daniel Carroll,Clever,Male
Daniel Conrad,Beep,Male
Daniel Ha,Disqus,Male
Daniel Kan,Exec,Male
Daniel Kimerling,Standard Treasury,Male
Daniel Kivatinos,Dr Chrono,Male
Daniel Levine,Chart.io,Male
Daniel Lopez,BitNami,Male
Daniel Rhodes,Vidly / Fliggo,Male
Daniel Ruch,Rocketrip,Male
Daniel Sperling-Horowitz,HD Trade Services,Male
Daniel Sugarman,HD Trade Services,Male
Daniel Terhorst,Biographicon,Male
Daniël W. Crompton,LeanMarket,Male
Daniel Wagner,Loom (prev. PopSet),Male
Daniel Yanisse,Checkr,Male
Danielle Morrill,Refer.ly,Female
Dannie Chu,B2Brev,Male
Danny Olinsky,StatusPage,Male
Danny Wen,Graft Concepts,Male
Darby Wong,Clerky,Male
Darren Nix,"42floors, Leaky",Male
Darshan Shankar,NowJS,Male
Dave Fowler,Chart.io,Male
Dave Gausebeck,MatterPort,Male
David Bladow,Bloomthat,Male
David Cann,Double Robotics,Male
David Carel,Panorama Education,Male
David Fowler,"8aweek, Chart.io, Socialbrowse",Male
David Greenspan,Appjet,Male
David Hodge,Embark,Male
David Kelso,"Nowmov, TapIn",Male
David Lieb,Bump,Male
David Mack,SketchDeck,Male
David Mohs,Lollipuff,Male
David Palmer,Automatic,Male
David Petersen,BuildZoom,Male
David Rolnitzky,MobileWorks,Male
David Rusenko,Weebly,Male
David Tolioupov,LocalOn,Male
David Tran,Crowdbooster,Male
David Zhao,Zecter (Versionate),Male
Delian Asparouhov,Nightingale,Male
Denny Luan,Experiment (prev. Microryza),Male
Devin Hunt,Fuzzwich,Male
Devon Galloway,Vidyard,Male
Dharmesh Malam,BigCalc,Male
Dhruv Saxena,ShipBob,Male
Dilan Jayawardane,Scoopler,Male
Dino Ha Hyungseok,Memebox,Male
Divey Gulati,ShipBob,Male
Divya Bhat,"JamGlue, Rickshaw",Female
Doin Kim,Memebox,Male
Doktor Gurson,Doblet,Male
Dominic Coryell,Curebit,Male
Drew Houston,Dropbox,Male
Dustin Chang,6sense,Male
Ed McManus,Yardsale,Male
Eddy Lu,Superb (was GrubWithUs),Male
Edith Elliott,Noora Health,Female
Edward Kim,"Picwing, ZenPayroll",Male
Edward Wu,Vidyard,Male
Eli Rosenberg,GetGoing,Male
Elizabeth Iorns,Science Exchange,Female
Elli Sharef,HireArt,Female
Elliot Block,Framed Data,Male
Emmett Shear,Kiko,Male
Enrique Rodriguez,Picwing,Male
Eric Bakan,Nightingale,Male
Eric Florenzano,"Clutch.io, Grove",Male
Eric Frenkiel,MemSQL,Male
Eric Liu,Bayes Impact,Male
Eric Maguire,"Clutch.io, Grove",Male
Eric Schoonover,Lumoid,Male
Eric Wu,Movity,Male
Erica Brescia,BitNami,Female
Erik Berls,Cryptoseal,Male
Ernest Ngaruiya,E la Carte,Male
Ernie Park,MicroEval,Male
Esther Park,Tastemaker,Female
ET Ridgely,Naytev,Male
Ethan Fast,Proxino,Male
Ethan Herdrick,Biographicon,Male
Eugene Otto,Shift Payments,Male
Evan Beard,Etacts,Male
Evan Konwiser,Flightcaster,Male
Evan Moore,DoorDash,Male
Evan Stites-Clayton,Teespring,Male
Fahim Aziz,Backpack,Male
Federico Barbagli,Gantto,Male
Fei Deyle,Lollipuff,Female
Fenn Bailey,Adioso,Male
Filipe Dobreira,Impraise,Male
Francisco Tolmasky,280 North,Male
Frank Macreery,Aptible,Male
Fred Cheng,Simperium,Male
Fred Ehrsam,Coinbase,Male
Frost Li,Hackermeter,Female
Gabe Ragland,imgfave,Male
Gabe Smedresman,Kirkland North,Male
Gabor Cselle,reMail,Male
Gabriel Leydon,Machine Zone (prev Addmired),Male
Gagan Palrecha,Chirply,Male
Garrett Beck,Asseta,Male
Garrett Johnson,SendHub,Male
Garrett Wilson,Keychain Logistics,Male
Garry Tan,Posterous,Male
Garth Goodson,Natero,Male
Gaurav Sharma,chute,Male
Gautam Jayaraman,"JamGlue, Rickshaw",Male
Gee Chuang,Listia,Male
Geoffrey Woo,Glassmap,Male
Geoffry Sumter,Leaky,Male
George Fraser,Fivetran,Male
Gerald Yuen,Firecrawl,Male
Gianni Martire,Next Caller,Male
Gillian Tee,Rocketrip,Female
Glen Moriarty,7 Cups of Tea,Male
Gordon Chen,YouGotListings,Male
Gordon Wintrob,StackLead,Male
Govind Chandrasekhar,Semantics3,Male
Grace Ng,LeanMarket,Female
Greg Belote,WeFunder,Male
Greg Dingle,Snipshot,Male
Greg Kidd,Shift Payments,Male
Greg Laughlin,Statwing,Male
Greg Nemeth,Wakemate,Male
Greg Schvey,TradeBlock,Male
Gregarious Narain,chute,Male
Greggory Heil,Vidly / Fliggo,Male
Gustav Rydstedt,Verbling,Male
Halbert Nakagawa,Machine Zone (prev Addmired),Male
Hamilton Chan,Paperlinks,Male
Hannes Hesse,PopCuts,Male
Harish Agarwal,Octopart,Male
Harjeet Taggar,Auctomatic,Male
Harry Zhang,Lob,Male
Henry Lee,OrderAhead,Male
Henry Liu,FamilyLeaf,Male
Hiroki Takeuchi,GoCardless,Male
Hong Hu,500Friends,Male
Howie Diamond,Immunity Project,Male
Howie Liu,Etacts,Male
Humberto Evans,CircuitLab,Male
Husain Al-Mohssen,Taskforce,Male
Ian Baker,Threadable,Male
Ian Cinnamon,Immunity Project,Male
Ian Hogarth,Songkick,Male
Ian Leighton,Embark,Male
Ian Roberts,TicketLabs,Male
Ian Roncoroni,Next Caller,Male
Ian Storm Taylor,Segment.io,Male
Ian Tien,SpinPunch,Male
Ignacio Thayer,ReadyForZero,Male
Igor Lebovic,AirPair,Male
Ilan Zechory,RapGenius,Male
Ilya Gluhovsky,GetGoing,Male
Ilya Sukhar,Parse,Male
Ilya Volodarsky,Segment.io,Male
Immad Akhund,"Clickpass, Heyzap",Male
Ishaan Gulrajani,Watchsend,Male
Ivan Kirigin,Tipjoy,Male
J.D. Zamfirescu,Appjet,Male
Jaclyn Konzelmann,Amulyte,Female
Jaigouk Kim,Scoutzie,Male
Jake Heller,Casetext,Male
Jake Jolis,Verbling,Male
Jake Mintz,Bump,Male
Jake Piccolo,Leaky,Male
Jakub Krzych,Estimote,Male
Jakub Vysoky,Walksource,Male
James Balmain,Zesty,Male
James Beshara,Crowdtilt,Male
James Black,"Nowmov, TapIn",Male
James Boyle,Nambii,Male
James Bracy,"42floors, Flightcaster",Male
James D. Shkolnik,Rentobo,Male
James Fong,Listia,Male
James Gregory,Whereoscope,Male
James Harvey,QuicklyChat,Male
James Levy,HipType,Male
James Lindenbaum,Heroku,Male
James Miao,TheSixtyOne,Male
James Richards,Teleborder,Male
James Tamplin,Firebase (prev. Envolve),Male
James Turner,URX,Male
James Yu,Parse,Male
Jamie Murai,Pair,Male
Jamie Quint,Snaptalent,Male
Jamie Wong,Vayable,Male
Jan Senderek,Loom (prev. PopSet),Male
Jareau Wade,Balanced Payments,Male
Jared Friedman,Scribd,Male
Jared Grippe,Threadable,Male
Jared Heyman,CrowdMed,Male
Jared Houghton,Ambition,Male
Jared McFarland,FutureAdvisor,Male
Jared Rodman,Weave,Male
Jared Tame,GraffitiGeo,Male
Jarrett Streebin,EasyPost,Male
Jason Chen,Stypi,Male
Jason Corwin,TellFi,Male
Jason Freedman,"42floors, Flightcaster",Male
Jason Gavris,MessageParty,Male
Jason Kelly,Ginko Bioworks,Male
Jason Kim,Foodoro,Male
Jason Konrad,Answerly.com,Male
Jason McCay,MongoHQ,Male
Jason Novek,SeeingInteractive,Male
Jason Traff,Leaky,Male
Jason Wang,"Caviar, Munch On Me, TrueVault",Male
Jason Wilk,140bets,Male
Jason Yan,Disqus,Male
Jason Zucchetto,MarketBrief,Male
Jay Moon,B2Brev,Male
Jay Shah,BufferBox,Male
Jayant Kulkarni,Quartzy,Male
JD Conley,RealCrowd,Male
Jeff Chang,Doblet,Male
Jeff Morin,Anyvite,Male
Jeff Pickhardt,OrbsCCG,Male
Jeff Reynolds,Wevorce,Male
Jeff Schvey,TradeBlock,Male
Jeff Widman,PageLever,Male
Jeff Yee,Curebit,Male
Jeffrey Brice,TrustEgg,Male
Jeffrey Byun,OrderAhead,Male
Jeffrey Rosen,Humble Bundle,Male
Jennifer Lu,ZowPow,Female
Jennifer Toda,Scoutzie,Female
Jenny Karin Morrill,Move Loot,Female
Jeremy Mims,"Frogmetrics, SeeingInteractive",Male
Jeremy Orlow,Apptimize,Male
Jeremy Poteck,RegistryLove,Male
Jeremy Yamaguchi,Lawn Love,Male
Jernej Zorec,Povio,Male
Jerry Jariyasunant,Automatic,Male
Jesse Patel,Workflowy,Male
Jesse Vollmar,FarmLogs,Male
Jessica Greenwalt,CrowdMed,Female
Jessica Richman,uBiome,Female
Jessie Liu,Noora Health,Female
Jiyan Wei,BuildZoom,Male
Joanna Huey,Casetext,Female
João de Paula,Glio,Male
João Graça,Unbabel,Male
Jody Grigs,Nambii,Male
Joe Ariel,Goldbely,Male
Joe Fahrner,Answerly.com,Male
Joe Fraiman,Tastemaker,Male
Joe Gebbia,AirBnb,Male
Joe Hewitt,Parakey,Male
Joe Hruska,RescueTime,Male
Joe Marrapodi,Greentoe,Male
Joe Pestro,FanPulse,Male
Joe Wong,YouOS,Male
Joel Christner,Cube,Male
Joel Gillman,Goldbely,Male
Joey Liaw,Voxli,Male
John Baunach,Slinkset,Male
John Brownell,Submittable,Male
John Collison,Stripe,Male
John Egan,Sendoid,Male
John Fallone,SendHub,Male
John Graham,Humble Bundle,Male
John Le,Statwing,Male
John Milinovich,URX,Male
John Puskarich,Bountii,Male
John Zdanowski,TrustEgg,Male
Jon Bracy,"42floors, Flightcaster",Male
Jon Calhoun,EasyPost,Male
Jon Dahl,Zencoder,Male
Jon Friedman,Circuithub,Male
Jon Li,Butter Systems,Male
Jon Pospischil,Custora,Male
Jon Wheatley,DailyBooth,Male
Jon Xu,FutureAdvisor,Male
Jon Zhang,Glassmap,Male
Jonathan Beilin,Koduco,Male
Jonathan Berger,Picurio,Male
Jonathan Chang,Glassmap,Male
Jonathan Deutsch,Hype,Male
Jonathan Downey,Airware,Male
Jonathan Good,1000Memories,Male
Jonathan Pease,Asseta,Male
Jonathan Perichon,Checkr,Male
Jonathan Pines,Giftrocket,Male
Jonathan Tang,Vastrm,Male
Jonathon Kresner,AirPair,Male
Jong-Moon Kim,Teevox,Male
Jordan Lee,Collections,Male
Jorge Ortiz,Joberator,Male
Jori Lallo,Kippt,Male
Joris Poort,Rescale,Male
Joseph Walla,HelloFax,Male
Josh Abrams,Tutorspree,Male
Josh Buckley,MinoMonsters,Male
Josh Halickman,Abacus,Male
Joshua Reeves,ZenPayroll,Male
JP Ren,Snapjoy,Male
Juan Vasquez,Tastemaker,Male
Jud Gardner,Comprehend Systems,Male
Jude Gomila,Heyzap,Male
Julian Frumar,Omnisio,Male
Julie Edwards,ScreenLeap,Female
Julien Coustaury,DoubleRecall,Female
Julien Lemoine,Algolia,Female
Justin Bedecarre,42floors,Male
Justin Cannon,Lingt,Male
Justin Kan,"Exec, Justin.tv, Kiko, SocialCam",Male
Justin Yoshimura,500Friends,Male
Jyotindra Vasudeo,Leftronic,Male
Kalam Dennis,AptDeco,Male
Kapil Kale,Giftrocket,Male
Karl White,Eventjoy,Male
Karri Saarinen,Kippt,Male
Katelyn Gleason,Eligible,Female
Katherine Woo,Thread,Female
Kathryn Minshew,theDailyMuse,Female
Katy Ashe,Noora Health,Female
Kay Shaikh,Infogami,Female
Keller Rinaudo,Jobspice,Male
Kelly Lau-Kee,PayTango,Female
Kelly Smith,Scoutzie,Female
Kendall Herbst,StyleUp,Female
Kenneth Cason,DataRank,Male
Kenny Stone,PlanGrid,Male
Kenshi Arasaki,Chatterous,Male
Keven Lin,SocialPicks,Male
Kevin Corcoran,Adpinion,Male
Kevin Lacker,"Gamador, Parse",Male
Kevin Lindsey,PIxate,Male
Kevin Mateo Lim,PopCuts,Male
Kevin Morrill,Refer.ly,Male
Kevin Wang,Kamcord,Male
Kevin West,Zecter (Versionate),Male
Khaled Hussein,Crowdtilt,Male
Kiran Gollu,Neptune.io,Male
Kirill Zubovsky,Scoutzie,Male
Koby Soto,Superhost,Male
Kovas Boguta,Infoharmoni,Male
Kulveer Taggar,"Auctomatic, Tagstand",Male
Kurt Ericson,AgileDiagnosis,Male
Kurt Mackey,MongoHQ,Male
Kyle Kilat,Tiempo,Male
Kyle Larson,Tastemaker,Male
Kyle Vogt,"Justin.tv, SocialCam",Male
Laks Srini,Zenefits,Male
Laura Savidge,Picurio,Female
Lauren Kay,The Dating Ring,Female
Lauren McLeod,FlightFox,Female
Lawrence Gentilello,ScreenLeap,Male
Leah Culver,Grove,Female
Lee Lin,RentHop,Male
Len Hafetz,Easel,Male
Leonardo Setyanto,CrowdMed,Male
Leore Avidar,Lob,Male
Lionel Jingles,Leftronic,Male
Liyan Chang,Filepicker.io,Male
Ljuba Miljkovic,Automatic,Male
Lloyd Armbrust,SeeingInteractive,Male
Lloyd Price,Zesty,Male
Llyod Jacob,Install Monetizer,Male
Loc Ngo,Startuply,Male
Louise Broni-Mensah,Shoobs,Female
Lukasz Kostka,Estimote,Male
Luke Francl,FanChatter,Male
Luke Groesbeck,Startuply,Male
Luke Iannini,Adpinion,Male
Luxiou Chen,Anywhere.fm,Male
Mahbod Moghadam,RapGenius,Male
Mahmoud Abdelkader,Balanced Payments,Male
Maksim Ioffe,AirPair,Male
Mandar Agte,Mth Sense,Male
Maran Nelson,Crowdery,Female
Marc DeVidts,Double Robotics,Male
Margaret Wong,YouOS,Female
Marie Brattberg,Heysan,Female
Marika Chen,RegistryLove,Female
Mark Linsey,Crowdbooster,Male
Mark Rosetta,YumDots,Male
Markus Jura,HiMom,Male
Martin Drashkov,Kyte,Male
Martin Kleppmann,Rapportive,Male
Martin Poschenrieder,HiMom,Male
Marty Wetherall,FanChatter,Male
Matevz Petek,Povio,Male
Matin Tamizi,Balanced Payments,Male
Matt Bell,MatterPort,Male
Matt Brezina,Xobni,Male
Matt Colyer,Easel,Male
Matt Colyer Cole Rise,Flagr,Male
Matt Doka,Five Stars,Male
Matt Harris,Sendwithus,Male
Matt Kopko,Rentobo,Male
Matt Long,Crocodoc,Male
Matt Riley,Swiftype,Male
Matt Robinson,GoCardless,Male
Matt Schlicht,Tracks.by,Male
Matt Voska,Flytenow,Male
Matt Zitzmann,Kamcord,Male
Mattan Griffel,One Month Rails,Male
Matthew Bailey,Thalmic Labs (Myo),Male
Matthew Hodan,datamarketplace,Male
Matthew McEachen,AdGrok,Male
Matthew Schwab,Bloomthat,Male
Max Izmaylov,Walksource,Male
Max Mullen,Instacart,Male
Mazy Kazerooni,Tracks.by,Male
Meg Nakamura,Shift Payments,Female
Mehul Nariyawala,Flutter,Male
Mehul Shah,Mertado,Male
Melissa McCreery,theDailyMuse,Female
Meron Gribetz,Meta Space Glasses,Male
Michael Caruso,ClickFacts,Male
Michael Carvin,SmartAsset,Male
Michael Christoff,Mixwit,Male
Michael Dwan,Snapjoy,Male
Michael FitzGerald,Submittable,Male
Michael Glukhovsky,RethinkDB,Male
Michael Horn,Craft Coffee,Male
Michael J.T. O'Kelly,HighlightCam,Male
Michael Jacobs,Adpinion,Male
Michael Johnston,Simperium,Male
Michael Katsevman,HighlightCam,Male
Michael Kodiak,Picurio,Male
Michael Litt,Vidyard,Male
Michael Ma,TalkBin,Male
Michael Miller,Cloudant,Male
Michael Montano,Backtype,Male
Michael Nusimow,Dr Chrono,Male
Michael Ossareh,Heysan,Male
Michael Petrov,Pair,Male
Michael Ricordeau,Plivo,Male
Michael Seid,Naytev,Male
Michael Shafrir,MarketBrief,Male
Michael Sherrill,Machine Zone (prev Addmired),Male
Michael Smith,Teleborder,Male
Michael Waxman,Grouper,Male
Michael Woodworth,Upverter,Male
Michael Young,CarWoo,Male
Michelle Crosby,Wevorce,Female
Michelle You,Songkick,Female
Mick Johnson,Whereoscope,Male
Miha Rebernik,DoubleRecall,Male
Mikael Bernstein,Verbling,Male
Mike Beebe,MatterPort,Male
Mike Johnston,Simperium,Male
Mike Knoop,Zapier,Male
Mike McCauley,BufferBox,Male
Mike Norman,WeFunder,Male
Mike Robbins,CircuitLab,Male
Mike Turitzin,Workflowy,Male
Mostafa Gazar,HoverChat,Male
Muneeb Ali,Onename.io,Male
Muzzammil Zaveri,Proxino,Male
Nancy Hua,Apptimize,Female
Natalie Downe,Lanyrd,Female
Nate Kimmons,FanChatter,Male
Nate Luzod,Grid,Male
Nathan Blecharczyk,AirBnb,Male
Nathan Chong,NewsLabs,Male
Nathan Kontny,Draft,Male
Nathan Wenzel,SimpleLegal,Male
Nathanael Smith,URX,Male
Naveen Jain,Immunity Project,Male
Navneet Dalal,Flutter,Male
Navneet Loiwal,Shopular,Male
Neal O'Mara,HelloFax,Male
Neel Murthy,SwapBox,Male
Neel Palrecha,Chirply,Male
Neil Joglekar,ReelSurfer,Male
Niall Smart,Echodio,Male
Niccolo Pantucci,"Siasto, Taskforce",Male
Nicholas Chirls,Estimote,Male
Nicholas Sedlet,HireArt,Male
Nick Alexander,FreshPlum,Male
Nick Baum,WhereBerry,Male
Nick Grandy,Wundrbar,Male
Nick Greenfield,One Codex,Male
Nick Porter,42,Male
Nick Sivo,Loopt,Male
Nick Tommarello,WeFunder,Male
Nicolas Baum,Giftrocket,Male
Nicole Aptekar,Threadable,Female
Nihaar Gupta,Youlicit,Male
Nik Krumm,One Codex,Male
Nikhil Abraham,Rentobo,Male
Nikhil Nirmel,Lawdingo,Male
Nikhil Pandit,GraffitiGeo,Male
Nikita Shamgunov,MemSQL,Male
Nikki Durkin,99dresses,Female
Nitesh Goel,Padlet,Male
Nitin Shantharam,SwapBox,Male
Noga Leviner,PicnicHealth,Female
Nori Yoshida,Curebit,Male
Norm Orstad,FanChatter,Male
Oleg Kostour,Pair,Male
Olga Vidisheva,Shoptiques,Female
Omar Bohsali,Priceonomics,Male
Omar Qari,Abacus,Male
Omar Radi,Youlicit,Male
Omar Seyal,Tagstand,Male
Ooshma Garg,Gobble,Female
PÃ¤r Lindhe,Heysan,Male
Paras Chitakar,140bets,Male
Parker Conrad,Zenefits,Male
Patrick Collison,"Auctomatic, Stripe",Male
Patrick Costello,Naytev,Male
Patrick Hannigan,TicketLabs,Male
Patrick Riley,Ark,Male
Patrick Swieskowski,BaseShield,Male
Patrik Outericky,SimpleLegal,Male
Paul Biggar,NewsLabs,Male
Paul Colton,PIxate,Male
Paul Duan,Bayes Impact,Male
Paul Mckellar,Deluux,Male
Paul Mikesell,Clustrix,Male
Paul Stamatiou,"Notifo, PicPlum",Male
Paul Tibbert,Grid,Male
Perry Haldenby,Amulyte,Male
Pete Koomen,Optimizely,Male
Pete Smith,Songkick,Male
Peter Clark,Userfox,Male
Peter Lai,Crocodoc,Male
Peter Nixey,Clickpass,Male
Peter Reinhardt,Segment.io,Male
Peter Shih,Airbrite,Male
Peter Szucs,Graft Concepts,Male
Peter Terrill,Tiempo,Male
Philip Camilleri,SmartAsset,Male
Philip Yuen,Firecrawl,Male
Philipp Gutheim,MobileWorks,Male
Philipp Pfeiffenberger,Deluux,Male
Philipp Wein,Loom (prev. PopSet),Male
Pouyan Salehi,PersistIQ,Male
Pradeep Elankumaran,Kicksend,Male
Pranav Piyush,Padlet,Male
Prayag Narula,MobileWorks,Male
Premal Shah,6sense,Male
Qasar Younis,TalkBin,Male
Quin Hoxie,Swiftype,Male
Radley Marx,Mixwit,Male
Radu Spineanu,Two Tap,Male
Rafael Garcia,Clever,Male
Rajagopal Natarajan,Markupwand,Male
Rajat Suri,E la Carte,Male
Rajiv Bhat,Mertado,Male
Rajiv Ghanta,Leftronic,Male
Rakesh Tondon,Le Tote,Male
Ralph Gootee,PlanGrid,Male
Ram Jayaraman,Automatic,Male
Randall Bennett,Vidpresso,Male
Ranvir Gujral,chute,Male
Ray Chan,9GAG,Male
Ray Grieselhuber,GinzaMetrics,Male
Ray Wu,Weilos,Male
Raymond Lo,Meta Space Glasses,Male
Raza Mobin,YumDots,Male
Razvan Roman,Two Tap,Male
Reham Fagiri,AptDeco,Female
Rehno Lindeque,Circuithub,Male
Reid Rubsamen,Immunity Project,Male
Renat Gataullin,Kyte,Male
Richard Din,"Caviar, Munch On Me",Male
Rick Morrison,Comprehend Systems,Male
Ricky Yean,Crowdbooster,Male
Rikin Shah,BigCalc,Male
Riley Scott,Aisle50,Male
Robby Walker,"Greplin, Zenter",Male
Robert Farazin,DoubleRecall,Male
Robert Morris,TerrAvion,Male
Roberto Riccio,Glio,Male
Rod Ebrahimi,ReadyForZero,Male
Rodolfo Sikora,iJigg,Male
Roger Jin,Bridge,Male
Rohin Dhar,Priceonomics,Male
Rok Gregoric,DoubleRecall,Male
Rok Krulec,DoubleRecall,Male
Roman Rosario,RealCrowd,Male
Ron Pressler,Parallel Universe,Male
Ross Boucher,280 North,Male
Rudy Adler,1000Memories,Male
Ryan Abbott,Science Exchange,Male
Ryan Amos,DailyBooth,Male
Ryan Bednar,Tutorspree,Male
Ryan Bubinski,Codecademy,Male
Ryan Damico,Crocodoc,Male
Ryan Frazier,DataRank,Male
Ryan Hoover,ProductHunt,Male
Ryan Jackson,Theorem,Male
Ryan Junee,Omnisio,Male
Ryan Lackey,Cryptoseal,Male
Ryan Mickle,Yardsale,Male
Ryan Nielsen,Hype,Male
Ryan Pfeffer,SendHub,Male
Ryan Seekely,Fuzzwich,Male
Ryan Shea,Onename.io,Male
Ryan Smith,Move Loot,Male
Ryan Sutton-Gee,PlanGrid,Male
Sachin Agarwal,Posterous,Male
Sachin Rekhi,Anywhere.fm,Male
Sakib Hasan Sauro,Backpack,Male
Sam Altman,Loopt,Male
Sam Brin,Butter Systems,Male
Sam O'Keefe,MicroEval,Male
Sam Odio,"Divvyshot, FreshPlum",Male
Sam Stokes,Rapportive,Male
Sam Wurzel,Octopart,Male
Samir Meghani,Bountii,Male
Samo Kralj,Povio,Male
Samuel Hsiung,TheSixtyOne,Male
Sandro Mur,Bellabeat,Male
Sascha Kuzins,BaseShield,Male
Satish Talluri,Neptune.io,Male
Savraj Singh,Wattvision,Male
Scott Freedman,AgileDiagnosis,Male
Scott Klein,StatusPage,Male
Scott Milliken,MixRank,Male
Scott Wheeler,DirectedEdge,Male
Sean Ahrens,"Healthy Labs, MessageParty",Male
Sean Creeley,Embedly,Male
Sean Grove,Bushido,Male
Sean Lynch,TapEngage,Male
Selcuk Atli,Boostable,Male
Sergei Tsarev,Clustrix,Male
Sergie Magdalin,Webflow,Male
Seth Bannon,Amicus,Male
Severin Smith,Minuum,Male
Sha Hwang,Movity,Male
Shadab Farooqui,iJigg,Male
Shahbano Imran,LocalOn,Female
Shahed Alam,Noora Health,Male
Shane Moriah,6sense,Male
Shashank Pandit,Buxfer,Male
Shaun Davis,Rentobo,Male
Shawn Gupta,OhLife,Male
Shawn Lewis,Beep,Male
Shawn Tsao,Caviar,Male
Shruti Shah,Move Loot,Female
Shuang You,QuicklyChat,Female
Simon Fletcher,Interstate,Male
Simon Ratner,Omnisio,Male
Simon Willison,Lanyrd,Male
Sivamani Varun,Semantics3,Male
Skander Mzali,Experiment (prev. Microryza),Male
Skye Lee,Thread,Female
Slava Akhmechet,RethinkDB,Male
Sofia Chen,RegistryLove,Female
Sohail Prasad,HipType,Male
Solomon Hykes,Dotcloud,Male
Spenser Skates,Sonalight,Male
Srini Panguluri,"Tagstand, YouOS",Male
Stanley Tang,DoorDash,Male
Steffen Maier,Impraise,Male
Steli Efti,SwipeGood,Male
Stephen Hamer,Upverter,Male
Stephen Lake,Thalmic Labs (Myo),Male
Steve DeWald,datamarketplace,Male
Steve Heffernan,Zencoder,Male
Steve Huffman,"Hipmunk, Reddit",Male
Steven Chen,Munch On Me,Male
Steven Hsiao,SpoonRocket,Male
Steven Klein,StatusPage,Male
Steven Liu,ScreenLeap,Male
Stuart Ross,Sponsorfied,Male
Suhail Doshi,Mixpanel,Male
Sumon Sadhu,Snaptalent,Male
Sunny Tsang,Anyperk,Male
Surendran Mahendran,Markupwand,Male
Tad Milbourn,Tiempo,Female
Tanya Shastri,Natero,Female
Taylor Brown,Fivetran,Male
Taylor Malloy,Embark,Male
Ted Power,Abacus,Male
Ted Tomlinson,StackLead,Male
Teng Siong Ong,GraffitiGeo,Male
Thejo Kote,Automatic,Male
Thomas Escourrou,SellStage (now Videopixie),Male
Thomas Georgiou,Filepicker.io,Male
Thomas Pun,"Nowmov, TapIn",Male
Thomas Steinacher,SwipeGood,Male
Thomson Nguyen,Framed Data,Male
Thushan Amarasiriwardena,Launchpad Toys,Male
Tikhon Bernstam,"Parse, Scribd",Male
Tim Davey,Snaptalent,Male
Tim Trefren,Mixpanel,Male
Timothy Sullivan,CO2Stats,Male
Timothy Wong,CardPool,Male
TJ Murphy,MinoMonsters,Male
Todd Goldberg,Eventjoy,Male
Todd Sullivan,FlightFox,Male
Tom Brown,Grouper,Male
Tom Davis,"TicketStumbler, Wakemate",Male
Tom Hauburger,Embark,Male
Tom Howard,Adioso,Male
Tom Lehman,RapGenius,Male
Tom Robinson,280 North,Male
Tom Saffell,SellStage (now Videopixie),Male
Tom Sparks,Cryptoseal,Male
Tomer London,ZenPayroll,Male
Tommy McClung,CarWoo,Male
Tommy Tsai,Shopular,Male
Tony Li,Munch On Me,Male
Tony Wright,RescueTime,Male
Tony Xu,DoorDash,Male
Toufique Harun,Youlicit,Male
Tracy Young,PlanGrid,Female
Travis Deyle,Lollipuff,Male
Travis Truett,Ambition,Male
Trevor Owens,LeanMarket,Male
Trevor Stow,Goldbely,Male
Trey Swann,TrueVault,Male
Trip Adler,Scribd,Male
Tristan Zier,Zen99,Male
Troy Astorino,PicnicHealth,Male
Tuyen Truong,ScreenLeap,Male
Tyler Bosmeny,Clever,Male
Umang Patel,PayTango,Male
Urška Sršen,Bellabeat,Female
Valentin Hussong,DirectedEdge,Male
Vamsi Katragadda,Profig,Male
Vanessa Torrivilla,Goldbely,Female
Vasco Calais Pedro,Unbabel,Male
Vaughn Koch,Movity,Male
Venky B,Plivo,Male
Victor Ho,Five Stars,Male
Victor Jakubiuk,DataNitro,Male
Vijay Chittoor,Mertado,Male
Vijay Mani,Zecter (Versionate),Male
Viktor Takacs,Terascore,Male
Vinay Pulim,Reble,Male
Vince Mundy,Install Monetizer,Male
Vinoth Gopinathan,Semantics3,Male
Viral Bajaria,6sense,Male
Vishwas Prabhakara,FanPulse,Male
Vivek Shah,SimplyInsured,Male
Vlad Blumen,Walksource,Male
Vlad Magdalin,Webflow,Male
Vladimir Gurgov,Virool,Male
W David Turner,PageLever,Male
Wade Foster,Zapier,Male
Wael Nafee,HoverChat,Male
Walker Williams,Teespring,Male
Wayne Crosby,Zenter,Male
Weihan Wang,AeroFS,Male
Weiting Liu,SocialPicks,Male
Wes Kendall,Ambition,Male
Wesley Zhao,FamilyLeaf,Male
Wil Chung,Noteleaf,Male
Wilkins Chung,Chatterous,Male
Will Walmsley,Minuum,Male
Willy Blandin,Wit.ai,Male
Xan Tanner,Panorama Education,Male
Xavier Snelgrove,Minuum,Male
Yan Lhert,Zen99,Male
Yiming Liu,"Ark, PopCuts",Male
Yuhao Ding,Medigram,Male
Yuran Lu,QuicklyChat,Male
Yuri Sagalov,AeroFS,Male
Yuriy Romaniw,ViaCycle,Male
Zac Morris,Sendoid,Male
Zac Townsend,Standard Treasury,Male
Zach Sims,Codecademy,Male
Zachary Apte,uBiome,Male
Zachary Garbow,"8aweek, Socialbrowse",Male
Zack Liscio,Naytev,Male
Zaid Farooqui,iJigg,Male
Zain Memon,TellFi,Male
Zain Shah,Watchsend,Male
Zak Homuth,Upverter,Male
Zsolt Muller,Terascore,Male
